{"cameraMode":{"drawMode":0,"name":"Shaded","section":"Shading Mode"},"sceneLighting":false,"audioPlay":false,"sceneViewState":{"showFog":true,"showMaterialUpdate":false,"showSkybox":false,"showFlares":true,"showImageEffects":true,"showParticleSystems":true},"in2DMode":false,"pivot":{"x":0.23798035085201264,"y":0.5192023515701294,"z":-0.0587010495364666},"rotation":{"x":-0.16780979931354524,"y":0.6847871541976929,"z":-0.1667250394821167,"w":-0.6893253922462463},"size":5.335194110870361,"orthographic":false}