{"cameraMode":{"drawMode":0,"name":"Shaded","section":"Shading Mode"},"sceneLighting":false,"audioPlay":false,"sceneViewState":{"showFog":true,"showMaterialUpdate":false,"showSkybox":false,"showFlares":true,"showImageEffects":true,"showParticleSystems":true},"in2DMode":false,"pivot":{"x":2.6976876258850099,"y":3.1890406608581545,"z":2.7763497829437258},"rotation":{"x":-0.14346587657928468,"y":0.8512618541717529,"z":-0.30191463232040408,"w":-0.4046247899532318},"size":1.7351937294006348,"orthographic":false}